{
  "project_info": {
    "project_number": "16414755754",
    "project_id": "soxplorerapp",
    "storage_bucket": "soxplorerapp.appspot.com"
  },
  "client": [
    {
      "client_info": {
        "mobilesdk_app_id": "1:16414755754:android:b41eee8d5edfadb8c639d3",
        "android_client_info": {
          "package_name": "com.example.soxplorer"
        }
      },
      "oauth_client": [],
      "api_key": [
        {
          "current_key": "AIzaSyCzdmO3QI1ab7BwCYQzf5fNu1HLvxiKR6A"
        }
      ],
      "services": {
        "appinvite_service": {
          "other_platform_oauth_client": []
        }
      }
    }
  ],
  "configuration_version": "1"
}